,precision,recall,f1-score,support
0,0.9351851851851852,0.9099099099099099,0.9223744292237442,111.0
1,0.7959183673469388,0.8478260869565217,0.8210526315789474,46.0
accuracy,0.89171974522293,0.89171974522293,0.89171974522293,0.89171974522293
macro avg,0.8655517762660621,0.8788679984332158,0.8717135304013458,157.0
weighted avg,0.8943808946083742,0.89171974522293,0.8926877878755872,157.0
